{"loss": [1.950461983680725, 1.4034510850906372, 1.133043885231018, 0.9495134353637695, 0.8084284067153931, 0.6936609745025635, 0.6048496961593628, 0.5070497393608093, 0.4290940761566162, 0.36720582842826843, 0.32118552923202515, 0.2745179831981659, 0.23225660622119904, 0.20500516891479492, 0.1841018795967102, 0.16465486586093903, 0.13248558342456818, 0.12337391823530197, 0.11962087452411652, 0.10254967212677002, 0.07971595227718353, 0.09203225374221802, 0.08428069949150085, 0.1039990484714508, 0.07064638286828995, 0.05834014713764191, 0.10117287188768387, 0.050618600100278854, 0.06573161482810974, 0.05719253420829773], "accuracy": [0.2864774763584137, 0.5034223794937134, 0.600918173789978, 0.6737061738967896, 0.7249582409858704, 0.7653589248657227, 0.794240415096283, 0.8275458812713623, 0.8585141897201538, 0.8770450949668884, 0.8920701146125793, 0.9086811542510986, 0.9212854504585266, 0.9299666285514832, 0.9378130435943604, 0.9454089999198914, 0.9552587866783142, 0.9571786522865295, 0.9582637548446655, 0.9656928181648254, 0.9742069840431213, 0.9677796363830566, 0.9717863202095032, 0.9635225534439087, 0.9755425453186035, 0.9806343913078308, 0.9694491028785706, 0.9822203516960144, 0.9786310791969299, 0.9829716086387634], "val_loss": [1.5674492120742798, 1.168718934059143, 1.014398455619812, 0.9949014782905579, 0.7270811796188354, 0.7328711152076721, 0.6420474648475647, 0.624905526638031, 0.5122266411781311, 0.45421454310417175, 0.4329581558704376, 0.44372278451919556, 0.40572986006736755, 0.39284956455230713, 0.4907071590423584, 0.37998461723327637, 0.45575910806655884, 0.3859716057777405, 0.3715001940727234, 0.4697466194629669, 0.4266771972179413, 0.4582805931568146, 0.4412519931793213, 0.3463996946811676, 0.43341660499572754, 0.5805440545082092, 0.40247756242752075, 0.3736549913883209, 0.44532713294029236, 0.43098822236061096], "val_accuracy": [0.42671117186546326, 0.5889816284179688, 0.652420699596405, 0.6440734267234802, 0.7555926442146301, 0.7512521147727966, 0.7969949841499329, 0.798330545425415, 0.8293823003768921, 0.8554257154464722, 0.8604340553283691, 0.8547579050064087, 0.8691151738166809, 0.8818029761314392, 0.8554257154464722, 0.8814691305160522, 0.8878130316734314, 0.890150249004364, 0.8958263993263245, 0.8808013200759888, 0.8964941501617432, 0.8797996640205383, 0.8904841542243958, 0.8958263993263245, 0.8908180594444275, 0.8661102056503296, 0.8981636166572571, 0.9171953201293945, 0.8964941501617432, 0.8978297114372253]}